Mast IADE.02|5|
Master Pro.01|4|
DES medec.04|10|
Dip  univ3.03|3|
DFASM.04|4|
Prep conc.03|3|
Licence.02|2|
Ex medecin.03|3|ou 7 ?
Capacite.01|1|
DFGSM.03|3|
AFS.01|6|
Audi libre.01|1|
Ing  class.01|3|
Dip  univ2.02|2|
Licence.01|1|
Master Rec.02|5|
Prep conc.02|2|
DESC med.01|7|
Master Pro.02|5|
DUT.01|1|
DFASM.05|5|
Ing  class.02|4|
Dip  univ2.01|1|
Cap  medec.02|2|
Att  univ2.01|1|
Form Trans.01|0|
Ex medecin.05|5|ou 9 ?
Master.02|5|
Doctorat.01|6|
Dip  univ3.02|2|
Dip  univ1.01|1|
Ex medecin.02|2|ou 6 ?
Capacite.02|2|
Master.01|4|
DES medec.03|9|
C2I.01|1|
Ex medecin.13|11|
Prep conc.01|1|
Lic Pro.01|3|
DFMS.01|6|
Ing  class.03|5|
Ex medecin.06|6|ou 10 ?
DUT.02|2|
CLES.01|1|
DES medec.02|8|
DFASM.06|6|
Licence.03|3|
Doctorat.02|7|
Ex medecin.01|1|ou 5 ?
Dip  univ3.01|1|
Att  univ1.01|1|
DFMSA.01|7|
Cap  medec.01|1|
AFSA.01|7|
DES medec.01|7|
Ex medecin.04|4|ou 8 ?
Doctorat.03|8|
DES medec.05|11|
Lic (IFSI).03|3|
PACES.01|1|
HDR.01|9|
DFGSM.02|2|
Dip  univ2.03|3|
Lic (IFSI).01|1|
Att  univ1.02|2|
DAEU.01|0|
Lic (IFSI).02|2|
Master Ind.02|5|
